epoch,train_loss,val_mse
0,0.428497145883739,0.050823923
1,0.4064873829483986,0.05204167
2,0.29923688899725676,0.04288777
3,0.2887400249019265,0.04478733
4,0.2893868777900934,0.043228514
5,0.2782846335321665,0.044096436
6,0.26465635746717453,0.04391987
7,0.2223976757377386,0.04964124
