epoch,train_loss,val_mse
0,0.47292501851916313,0.044793393
1,0.19878200069069862,0.052740987
2,0.15302603598684072,0.04783454
3,0.09387187147513032,0.057263624
4,0.07737768534570932,0.053917382
5,0.056626023491844535,0.055488717
